category,n,lexical,tfidf,embedding,embed+nli,semanticdiff,semanticdiff −NLI,semanticdiff −unit-norm
compound,20,1.0,0.95,1.0,1.0,1.0,1.0,1.0
condition,18,1.0,1.0,0.8333333333333334,0.9444444444444444,1.0,1.0,1.0
entity,8,1.0,1.0,0.875,1.0,1.0,1.0,1.0
modality,18,1.0,0.7222222222222222,0.1111111111111111,0.7777777777777778,1.0,1.0,1.0
negation,18,1.0,0.1111111111111111,1.0,1.0,1.0,1.0,1.0
numeric,16,1.0,0.6875,0.875,1.0,1.0,1.0,1.0
paraphrase,45,0.0,0.17777777777777778,0.5111111111111111,0.35555555555555557,0.9555555555555556,0.9555555555555556,0.8222222222222222
reversal,17,1.0,0.8823529411764706,0.9411764705882353,0.9411764705882353,0.9411764705882353,0.8823529411764706,0.9411764705882353
scope,18,1.0,0.05555555555555555,0.8888888888888888,0.9444444444444444,1.0,1.0,1.0
temporal,18,1.0,0.5,0.4444444444444444,1.0,1.0,1.0,1.0
